{"10E": {"param": [28.56741800624049, 73.89305551391769], "id": [716028, 716067, 716069, 716072, 716075, 716078, 716081, 716085, 716087, 716092, 717046, 717059, 717070, 718335, 718419, 718421, 737158, 737313, 737320, 737344, 759280, 759385, 762404, 762408, 762410, 762422, 762435, 762438, 762447, 762449, 763453, 763458, 764026, 765098, 765451, 765508, 774562, 776906, 776981, 776986, 777168]}, "10W": {"param": [27.814052117492345, 71.28793770461125], "id": [716076, 716084, 716088, 716091, 717045, 717047, 717049, 717052, 717055, 717056, 717060, 717065, 717071, 717073, 718020, 718332, 737345, 759289, 762405, 762409, 762413, 762423, 762432, 762436, 762472, 762474, 762480, 762482, 762484, 762486, 764941, 769105, 769118, 777169]}, "5S": {"param": [30.228406648529575, 77.72270537753857], "id": [715947, 716930, 716934, 716936, 716938, 716939, 716940, 716941, 716943, 716944, 716946, 716949, 716955, 718085, 718370, 718375, 718376, 759700, 759707]}, "110N": {"param": [30.47679460665, 76.80403669158243], "id": [718046, 718165, 763434, 763439, 763444, 764032, 767751, 771667, 771673, 772501, 772513, 772669, 773013, 774658, 774672, 774685, 775637]}, "110S": {"param": [31.634872095725136, 76.59062281978169], "id": [718045, 718166, 718173, 760635, 760643, 760650, 763243, 763246, 763447, 764037, 764427, 767750, 773012, 774671, 775610, 775636]}, "5N": {"param": [28.313010243433272, 79.57173983229953], "id": [715944, 716933, 716937, 716942, 716951, 716953, 718086, 718371, 759566, 759576, 763237, 763669, 763674, 763700, 764435]}, "60E": {"param": [34.50699413500918, 79.16837520919806], "id": [716213, 717262, 717264, 717265, 717268, 717273, 717279, 768444, 773258, 773274, 773281]}, "60W": {"param": [34.61406719071485, 73.98222942699161], "id": [716206, 717263, 717266, 717269, 717270, 717274, 717277, 717281, 764418, 773257, 773273]}, "101S": {"param": [28.825166551731858, 78.365615126282], "id": [716328, 716331, 716339, 717446, 717450, 717453, 764853, 773024, 773062, 776328, 776751]}, "101N": {"param": [27.003868223020167, 80.3568611475569], "id": [716337, 717445, 717447, 717452, 773023, 776136, 776425, 776480, 776752]}, "710N": {"param": [20.55216798704654, 77.7284794240321], "id": [718014, 718016, 763468, 776188, 776196, 776228, 776242]}, "710S": {"param": [18.546500035480076, 76.73986509217622], "id": [716875, 716891, 718017, 718018, 718321, 776197, 776253]}, "2E": {"param": [16.2759459869085, 71.95954095595984], "id": [767494]}, "2W": {"param": [6.54827160736307, 82.04927482776135], "id": [767495]}}